date,Country/Region,Confirmed,Deaths,Recovered,Latitude,Longitude,Active
2020-01-26,Ontario,1,0,0,51.25380000000006,-85.32319999999991,1
2020-01-27,Ontario,1,0,0,51.25380000000006,-85.32319999999991,1
2020-01-28,Ontario,1,0,0,51.25380000000006,-85.32319999999991,1
2020-01-29,Ontario,1,0,0,51.25380000000006,-85.32319999999991,1
2020-01-30,Ontario,2,0,0,51.25380000000006,-85.32319999999991,2
2020-01-31,Ontario,2,0,0,51.25380000000006,-85.32319999999991,2
2020-02-01,Ontario,3,0,0,51.25380000000006,-85.32319999999991,3
2020-02-02,Ontario,3,0,0,51.25380000000006,-85.32319999999991,3
2020-02-03,Ontario,3,0,0,51.25380000000006,-85.32319999999991,3
2020-03-09,Ontario,34,0,4,51.2538,-85.3232,30
2020-03-09,Alberta,7,0,0,53.9333,-116.5765,7
2020-03-09,Quebec,3,0,0,52.9399,-73.5491,3
2020-03-10,Ontario,36,0,4,51.2538,-85.3232,32
2020-03-10,Alberta,7,0,0,53.9333,-116.5765,7
2020-03-10,Quebec,4,0,0,52.9399,-73.5491,4
2020-03-11,Ontario,41,0,4,51.2538,-85.3232,37
2020-03-11,Alberta,19,0,0,53.9333,-116.5765,19
2020-03-11,Quebec,8,0,0,52.9399,-73.5491,8
2020-03-11,New Brunswick,1,0,0,46.5653,-66.4619,1
2020-03-12,Ontario,42,0,4,51.2538,-85.3232,38
2020-03-12,Alberta,19,0,0,53.9333,-116.5765,19
2020-03-12,Quebec,9,0,0,52.9399,-73.5491,9
2020-03-12,New Brunswick,1,0,0,46.5653,-66.4619,1
2020-03-13,Ontario,74,0,4,51.2538,-85.3232,70
2020-03-13,New Brunswick,1,0,0,46.5653,-66.4619,1
2020-03-13,Quebec,17,0,0,52.9399,-73.5491,17
2020-03-13,Manitoba,4,0,0,53.7609,-98.8139,4
2020-03-13,Saskatchewan,2,0,0,52.9399,-106.4509,2
2020-03-13,Alberta,29,0,0,53.9333,-116.5765,29
2020-03-14,Ontario,79,0,4,51.2538,-85.3232,75
2020-03-14,Alberta,29,0,0,53.9333,-116.5765,29
2020-03-14,Quebec,17,0,0,52.9399,-73.5491,17
2020-03-14,Manitoba,4,0,0,53.7609,-98.8139,4
2020-03-14,Saskatchewan,2,0,0,52.9399,-106.4509,2
2020-03-14,New Brunswick,1,0,0,46.5653,-66.4619,1
2020-03-15,Ontario,104,0,4,51.2538,-85.3232,100
2020-03-15,Alberta,39,0,0,53.9333,-116.5765,39
2020-03-15,Quebec,24,0,0,52.9399,-73.5491,24
2020-03-15,Manitoba,4,0,0,53.7609,-98.8139,4
2020-03-15,New Brunswick,2,0,0,46.5653,-66.4619,2
2020-03-15,Saskatchewan,2,0,0,52.9399,-106.4509,2
2020-03-16,Ontario,177,0,5,51.2538,-85.3232,172
2020-03-16,Alberta,56,0,0,53.9333,-116.5765,56
2020-03-16,Quebec,50,0,0,52.9399,-73.5491,50
2020-03-16,Manitoba,7,0,0,53.7609,-98.8139,7
2020-03-16,Saskatchewan,7,0,0,52.9399,-106.4509,7
2020-03-16,New Brunswick,6,0,0,46.5653,-66.4619,6
2020-03-16,Nova Scotia,5,0,0,44.682,-63.7443,5
2020-03-17,Ontario,185,1,5,51.2538,-85.3232,179
2020-03-17,Alberta,74,0,0,53.9333,-116.5765,74
2020-03-17,Quebec,74,0,0,52.9399,-73.5491,74
2020-03-17,Manitoba,8,0,0,53.7609,-98.8139,8
2020-03-17,New Brunswick,8,0,0,46.5653,-66.4619,8
2020-03-17,Nova Scotia,7,0,0,44.682,-63.7443,7
2020-03-17,Saskatchewan,7,0,0,52.9399,-106.4509,7
2020-03-18,Ontario,221,1,5,51.2538,-85.3232,215
2020-03-18,Alberta,97,0,0,53.9333,-116.5765,97
2020-03-18,Quebec,94,0,0,52.9399,-73.5491,94
2020-03-18,Manitoba,15,0,0,53.7609,-98.8139,15
2020-03-18,Nova Scotia,12,0,0,44.682,-63.7443,12
2020-03-18,New Brunswick,11,0,0,46.5653,-66.4619,11
2020-03-18,Saskatchewan,8,0,0,52.9399,-106.4509,8
2020-03-19,Ontario,257,1,5,51.2538,-85.3232,251
2020-03-19,Quebec,121,1,0,52.9399,-73.5491,120
2020-03-19,Alberta,119,0,0,53.9333,-116.5765,119
2020-03-19,Manitoba,17,0,0,53.7609,-98.8139,17
2020-03-19,Saskatchewan,16,0,0,52.9399,-106.4509,16
2020-03-19,Nova Scotia,14,0,0,44.682,-63.7443,14
2020-03-19,New Brunswick,11,0,0,46.5653,-66.4619,11
2020-03-20,Ontario,308,2,5,51.2538,-85.3232,301
2020-03-20,Alberta,146,1,0,53.9333,-116.5765,145
2020-03-20,Quebec,139,1,0,52.9399,-73.5491,138
2020-03-20,Saskatchewan,20,0,0,52.9399,-106.4509,20
2020-03-20,Manitoba,17,0,0,53.7609,-98.8139,17
2020-03-20,Nova Scotia,15,0,0,44.682,-63.7443,15
2020-03-20,New Brunswick,11,0,0,46.5653,-66.4619,11
2020-03-21,Ontario,377,3,6,51.2538,-85.3232,368
2020-03-21,Alberta,195,1,0,53.9333,-116.5765,194
2020-03-21,Quebec,181,5,0,52.9399,-73.5491,176
2020-03-21,Saskatchewan,26,0,0,52.9399,-106.4509,26
2020-03-21,Nova Scotia,21,0,0,44.681999999999995,-63.7443,21
2020-03-21,Manitoba,18,0,0,53.7609,-98.8139,18
2020-03-21,New Brunswick,17,0,0,46.5653,-66.4619,17
2020-03-22,Ontario,425,5,0,51.2538,-85.3232,420
2020-03-22,Alberta,259,1,0,53.9333,-116.5765,258
2020-03-22,Quebec,219,4,0,52.9399,-73.5491,215
2020-03-22,Saskatchewan,52,0,0,52.9399,-106.4509,52
2020-03-22,Nova Scotia,28,0,0,44.681999999999995,-63.7443,28
2020-03-22,Manitoba,20,0,0,53.7609,-98.8139,20
2020-03-22,New Brunswick,17,0,0,46.5653,-66.4619,17
2020-03-23,Alberta,301,1,0,53.9333,-116.5765,300
2020-03-23,Manitoba,20,0,0,53.7609,-98.8139,20
2020-03-23,New Brunswick,17,0,0,46.5653,-66.4619,17
2020-03-23,Nova Scotia,41,0,0,44.682,-63.7443,41
2020-03-23,Ontario,503,6,0,51.2538,-85.3232,497
2020-03-23,Quebec,628,4,0,52.9399,-73.5491,624
2020-03-23,Saskatchewan,66,0,0,52.9399,-106.4509,66
2020-03-24,Alberta,359,1,0,53.9333,-116.5765,358
2020-03-24,Manitoba,21,0,0,53.7609,-98.8139,21
2020-03-24,New Brunswick,18,0,0,46.5653,-66.4619,18
2020-03-24,Nova Scotia,51,0,0,44.682,-63.7443,51
2020-03-24,Ontario,588,7,0,51.2538,-85.3232,581
2020-03-24,Quebec,1013,4,0,52.9399,-73.5491,1009
2020-03-24,Saskatchewan,72,0,0,52.9399,-106.4509,72
2020-03-25,Alberta,358,2,0,53.9333,-116.5765,356
2020-03-25,Manitoba,35,0,0,53.7609,-98.8139,35
2020-03-25,New Brunswick,18,0,0,46.5653,-66.4619,18
2020-03-25,Nova Scotia,68,0,0,44.682,-63.7443,68
2020-03-25,Ontario,688,8,0,51.2538,-85.3232,680
2020-03-25,Quebec,1342,6,0,52.9399,-73.5491,1336
2020-03-25,Saskatchewan,72,0,0,52.9399,-106.4509,72
2020-03-26,Alberta,486,2,0,53.9333,-116.5765,484
2020-03-26,Manitoba,36,0,0,53.7609,-98.8139,36
2020-03-26,New Brunswick,33,0,0,46.5653,-66.4619,33
2020-03-26,Nova Scotia,73,0,0,44.682,-63.7443,73
2020-03-26,Ontario,858,13,0,51.2538,-85.3232,845
2020-03-26,Quebec,1632,8,0,52.9399,-73.5491,1624
2020-03-26,Saskatchewan,95,0,0,52.9399,-106.4509,95
2020-03-26,Yukon,3,0,0,64.2823,-135.0,3
2020-03-27,Alberta,542,2,0,53.9333,-116.5765,540
2020-03-27,Manitoba,39,1,0,53.7609,-98.8139,38
2020-03-27,New Brunswick,45,0,0,46.5653,-66.4619,45
2020-03-27,Nova Scotia,90,0,0,44.682,-63.7443,90
2020-03-27,Ontario,994,18,0,51.2538,-85.3232,976
2020-03-27,Quebec,2024,18,0,52.9399,-73.5491,2006
2020-03-27,Saskatchewan,95,0,0,52.9399,-106.4509,95
2020-03-27,Yukon,3,0,0,64.2823,-135.0,3
2020-03-28,Alberta,542,2,0,53.9333,-116.5765,540
2020-03-28,Manitoba,64,1,0,53.7609,-98.8139,63
2020-03-28,New Brunswick,51,0,0,46.5653,-66.4619,51
2020-03-28,Nova Scotia,110,0,0,44.681999999999995,-63.7443,110
2020-03-28,Ontario,1144,18,0,51.2538,-85.3232,1126
2020-03-28,Quebec,2498,22,0,52.9399,-73.5491,2476
2020-03-28,Saskatchewan,134,0,0,52.9399,-106.4509,134
2020-03-28,Yukon,4,0,0,64.2823,-135.0,4
2020-03-29,Alberta,621,2,0,53.9333,-116.5765,619
2020-03-29,Manitoba,72,1,0,53.7609,-98.8139,71
2020-03-29,New Brunswick,66,0,0,46.5653,-66.4619,66
2020-03-29,Nova Scotia,122,0,0,44.681999999999995,-63.7443,122
2020-03-29,Ontario,1355,21,0,51.2538,-85.3232,1334
2020-03-29,Quebec,2840,22,0,52.9399,-73.5491,2818
2020-03-29,Saskatchewan,156,0,0,52.9399,-106.4509,156
2020-03-29,Yukon,4,0,0,64.2823,-135.0,4
2020-03-30,Alberta,661,3,0,53.9333,-116.5765,658
2020-03-30,Manitoba,96,1,0,53.7609,-98.8139,95
2020-03-30,New Brunswick,68,0,0,46.5653,-66.4619,68
2020-03-30,Nova Scotia,127,0,0,44.681999999999995,-63.7443,127
2020-03-30,Ontario,1706,31,0,51.2538,-85.3232,1675
2020-03-30,Quebec,3430,22,0,52.9399,-73.5491,3408
2020-03-30,Saskatchewan,156,2,0,52.9399,-106.4509,154
2020-03-30,Yukon,4,0,0,64.2823,-135.0,4
2020-03-31,Alberta,690,8,0,53.9333,-116.5765,682
2020-03-31,Manitoba,103,1,0,53.7609,-98.8139,102
2020-03-31,New Brunswick,70,0,0,46.5653,-66.4619,70
2020-03-31,Nova Scotia,147,0,0,44.682,-63.7443,147
2020-03-31,Ontario,1966,33,0,51.2538,-85.3232,1933
2020-03-31,Quebec,4162,31,0,52.9399,-73.5491,4131
2020-03-31,Saskatchewan,184,2,0,52.9399,-106.4509,182
2020-03-31,Yukon,5,0,0,64.2823,-135.0,5
2020-04-01,Alberta,754,9,0,53.9333,-116.5765,745
2020-04-01,Manitoba,127,1,0,53.7609,-98.8139,126
2020-04-01,New Brunswick,81,0,0,46.5653,-66.4619,81
2020-04-01,Nova Scotia,173,0,0,44.682,-63.7443,173
2020-04-01,Ontario,2392,37,0,51.2538,-85.3232,2355
2020-04-01,Quebec,4611,33,0,52.9399,-73.5491,4578
2020-04-01,Saskatchewan,193,3,0,52.9399,-106.4509,190
2020-04-01,Yukon,5,0,0,64.2823,-135.0,5
2020-04-02,Alberta,969,13,0,53.9333,-116.5765,956
2020-04-02,Manitoba,167,1,0,53.7609,-98.8139,166
2020-04-02,New Brunswick,91,0,0,46.5653,-66.4619,91
2020-04-02,Nova Scotia,193,0,0,44.681999999999995,-63.7443,193
2020-04-02,Ontario,2793,53,0,51.2538,-85.3232,2740
2020-04-02,Quebec,5518,36,0,52.9399,-73.5491,5482
2020-04-02,Saskatchewan,206,3,0,52.9399,-106.4509,203
2020-04-02,Yukon,6,0,0,64.2823,-135.0,6
2020-04-03,Alberta,969,13,0,53.9333,-116.5765,956
2020-04-03,Manitoba,182,2,0,53.7609,-98.8139,180
2020-04-03,New Brunswick,91,0,0,46.5653,-66.4619,91
2020-04-03,Nova Scotia,207,0,0,44.682,-63.7443,207
2020-04-03,Ontario,3255,67,0,51.2538,-85.3232,3188
2020-04-03,Quebec,6101,61,0,52.9399,-73.5491,6040
2020-04-03,Saskatchewan,220,3,0,52.9399,-106.4509,217
2020-04-03,Yukon,6,0,0,64.2823,-135.0,6
2020-04-04,Alberta,1075,18,0,53.9333,-116.5765,1057
2020-04-04,Manitoba,182,2,0,53.7609,-98.8139,180
2020-04-04,New Brunswick,91,0,0,46.5653,-66.4619,91
2020-04-04,Nova Scotia,236,0,0,44.681999999999995,-63.7443,236
2020-04-04,Ontario,3630,94,0,51.2538,-85.3232,3536
2020-04-04,Quebec,6101,61,0,52.9399,-73.5491,6040
2020-04-04,Saskatchewan,220,3,0,52.9399,-106.4509,217
2020-04-04,Yukon,6,0,0,64.2823,-135.0,6
2020-04-05,Alberta,1181,20,0,53.9333,-116.5765,1161
2020-04-05,Manitoba,203,2,0,53.7609,-98.8139,201
2020-04-05,New Brunswick,98,0,0,46.5653,-66.4619,98
2020-04-05,Nova Scotia,262,0,0,44.682,-63.7443,262
2020-04-05,Ontario,4354,119,0,51.2538,-85.3232,4235
2020-04-05,Quebec,7944,75,0,52.9399,-73.5491,7869
2020-04-05,Saskatchewan,249,3,0,52.9399,-106.4509,246
2020-04-05,Yukon,6,0,0,64.2823,-135.0,6
2020-04-06,Alberta,1250,23,0,53.9333,-116.5765,1227
2020-04-06,Manitoba,203,2,0,53.7609,-98.8139,201
2020-04-06,New Brunswick,103,0,0,46.5653,-66.4619,103
2020-04-06,Nova Scotia,293,0,0,44.681999999999995,-63.7443,293
2020-04-06,Ontario,4347,150,0,51.2538,-85.3232,4197
2020-04-06,Quebec,8580,121,0,52.9399,-73.5491,8459
2020-04-06,Saskatchewan,249,3,0,52.9399,-106.4509,246
2020-04-06,Yukon,6,0,0,64.2823,-135.0,6
2020-04-07,Alberta,1373,24,0,53.9333,-116.5765,1349
2020-04-07,Manitoba,217,3,0,53.7609,-98.8139,214
2020-04-07,New Brunswick,105,0,0,46.5653,-66.4619,105
2020-04-07,Nova Scotia,310,1,0,44.682,-63.7443,309
2020-04-07,Ontario,4726,153,0,51.2538,-85.3232,4573
2020-04-07,Quebec,9340,150,0,52.9399,-73.5491,9190
2020-04-07,Saskatchewan,260,3,0,52.9399,-106.4509,257
2020-04-07,Yukon,7,0,0,64.2823,-135.0,7
2020-04-08,Alberta,1373,26,0,53.9333,-116.5765,1347
2020-04-08,Manitoba,217,3,0,53.7609,-98.8139,214
2020-04-08,New Brunswick,105,0,0,46.5653,-66.4619,105
2020-04-08,Nova Scotia,310,1,0,44.682,-63.7443,309
2020-04-08,Ontario,5276,153,0,51.2538,-85.3232,5123
2020-04-08,Quebec,10031,175,0,52.9399,-73.5491,9856
2020-04-08,Saskatchewan,260,3,0,52.9399,-106.4509,257
2020-04-08,Yukon,7,0,0,64.2823,-135.0,7
2020-04-09,Alberta,1423,29,0,53.9333,-116.5765,1394
2020-04-09,Manitoba,221,3,0,53.7609,-98.8139,218
2020-04-09,New Brunswick,108,0,0,46.5653,-66.4619,108
2020-04-09,Nova Scotia,342,1,0,44.682,-63.7443,341
2020-04-09,Ontario,5759,200,0,51.2538,-85.3232,5559
2020-04-09,Quebec,10912,216,0,52.9399,-73.5491,10696
2020-04-09,Saskatchewan,271,3,0,52.9399,-106.4509,268
2020-04-09,Yukon,7,0,0,64.2823,-135.0,7
2020-04-10,Alberta,1451,32,0,53.9333,-116.5765,1419
2020-04-10,Manitoba,230,3,0,53.7609,-98.8139,227
2020-04-10,New Brunswick,112,0,0,46.5653,-66.4619,112
2020-04-10,Nova Scotia,407,2,0,44.682,-63.7443,405
2020-04-10,Ontario,6237,222,0,51.2538,-85.3232,6015
2020-04-10,Quebec,11677,241,0,52.9399,-73.5491,11436
2020-04-10,Saskatchewan,285,3,0,52.9399,-106.4509,282
2020-04-10,Yukon,8,0,0,64.2823,-135.0,8
2020-04-11,Alberta,1567,40,0,53.9333,-116.5765,1527
2020-04-11,Manitoba,243,4,0,53.7609,-98.8139,239
2020-04-11,New Brunswick,112,0,0,46.5653,-66.4619,112
2020-04-11,Nova Scotia,428,2,0,44.682,-63.7443,426
2020-04-11,Ontario,6648,253,0,51.2538,-85.3232,6395
2020-04-11,Quebec,12292,289,0,52.9399,-73.5491,12003
2020-04-11,Saskatchewan,289,4,0,52.9399,-106.4509,285
2020-04-11,Yukon,8,0,0,64.2823,-135.0,8
2020-04-12,Alberta,1567,40,0,53.9333,-116.5765,1527
2020-04-12,Manitoba,242,4,0,53.7609,-98.8139,238
2020-04-12,New Brunswick,114,0,0,46.5653,-66.4619,114
2020-04-12,Nova Scotia,445,2,0,44.681999999999995,-63.7443,443
2020-04-12,Ontario,7049,274,0,51.2538,-85.3232,6775
2020-04-12,Quebec,12846,328,0,52.9399,-73.5491,12518
2020-04-12,Saskatchewan,298,4,0,52.9399,-106.4509,294
2020-04-12,Yukon,8,0,0,64.2823,-135.0,8
2020-04-13,Alberta,1732,46,0,53.9333,-116.5765,1686
2020-04-13,Manitoba,246,4,0,53.7609,-98.8139,242
2020-04-13,New Brunswick,116,0,0,46.5653,-66.4619,116
2020-04-13,Nova Scotia,474,3,0,44.682,-63.7443,471
2020-04-13,Ontario,7470,291,0,51.2538,-85.3232,7179
2020-04-13,Quebec,13557,360,0,52.9399,-73.5491,13197
2020-04-13,Saskatchewan,300,4,0,52.9399,-106.4509,296
2020-04-13,Yukon,8,0,0,64.2823,-135.0,8
2020-04-14,Alberta,1870,48,0,53.9333,-116.5765,1822
2020-04-14,Manitoba,246,4,0,53.7609,-98.8139,242
2020-04-14,New Brunswick,116,0,0,46.5653,-66.4619,116
2020-04-14,Nova Scotia,517,3,0,44.682,-63.7443,514
2020-04-14,Ontario,7953,334,0,51.2538,-85.3232,7619
2020-04-14,Quebec,14248,435,0,52.9399,-73.5491,13813
2020-04-14,Saskatchewan,300,4,0,52.9399,-106.4509,296
2020-04-14,Yukon,8,0,0,64.2823,-135.0,8
2020-04-15,Alberta,1870,48,0,53.9333,-116.5765,1822
2020-04-15,Manitoba,246,5,0,53.7609,-98.8139,241
2020-04-15,New Brunswick,117,0,0,46.5653,-66.4619,117
2020-04-15,Nova Scotia,549,3,0,44.682,-63.7443,546
2020-04-15,Ontario,8447,385,0,51.2538,-85.3232,8062
2020-04-15,Quebec,14860,487,0,52.9399,-73.5491,14373
2020-04-15,Saskatchewan,304,4,0,52.9399,-106.4509,300
2020-04-15,Yukon,8,0,0,64.2823,-135.0,8
2020-04-16,Alberta,1996,48,0,53.9333,-116.5765,1948
2020-04-16,Manitoba,250,5,0,53.7609,-98.8139,245
2020-04-16,New Brunswick,117,0,0,46.5653,-66.4619,117
2020-04-16,Nova Scotia,579,3,0,44.682,-63.7443,576
2020-04-16,Ontario,9840,490,0,51.2538,-85.3232,9350
2020-04-16,Quebec,15857,630,0,52.9399,-73.5491,15227
2020-04-16,Saskatchewan,305,4,0,52.9399,-106.4509,301
2020-04-16,Yukon,8,0,0,64.2823,-135.0,8
2020-04-17,Alberta,2397,50,0,53.9333,-116.5765,2347
2020-04-17,Manitoba,250,5,0,53.7609,-98.8139,245
2020-04-17,New Brunswick,117,0,0,46.5653,-66.4619,117
2020-04-17,Nova Scotia,606,4,0,44.682,-63.7443,602
2020-04-17,Ontario,10456,524,0,51.2538,-85.3232,9932
2020-04-17,Quebec,16798,688,0,52.9399,-73.5491,16110
2020-04-17,Saskatchewan,307,4,0,52.9399,-106.4509,303
2020-04-17,Yukon,8,0,0,64.2823,-135.0,8
2020-04-18,Alberta,2562,51,0,53.9333,-116.5765,2511
2020-04-18,Manitoba,253,5,0,53.7609,-98.8139,248
2020-04-18,New Brunswick,117,0,0,46.5653,-66.4619,117
2020-04-18,Nova Scotia,649,7,0,44.681999999999995,-63.7443,642
2020-04-18,Ontario,11013,564,0,51.2538,-85.3232,10449
2020-04-18,Quebec,17521,688,0,52.9399,-73.5491,16833
2020-04-18,Saskatchewan,313,4,0,52.9399,-106.4509,309
2020-04-18,Yukon,9,0,0,64.2823,-135.0,9
2020-04-19,Alberta,2803,51,0,53.9333,-116.5765,2752
2020-04-19,Manitoba,254,5,0,53.7609,-98.8139,249
2020-04-19,New Brunswick,118,0,0,46.5653,-66.4619,118
2020-04-19,Nova Scotia,675,9,0,44.681999999999995,-63.7443,666
2020-04-19,Ontario,11561,591,0,51.2538,-85.3232,10970
2020-04-19,Quebec,17950,820,0,52.9399,-73.5491,17130
2020-04-19,Saskatchewan,315,4,0,52.9399,-106.4509,311
2020-04-19,Yukon,9,0,0,64.2823,-135.0,9
2020-04-20,Alberta,2908,59,0,53.9333,-116.5765,2849
2020-04-20,Manitoba,254,6,0,53.7609,-98.8139,248
2020-04-20,New Brunswick,118,0,0,46.5653,-66.4619,118
2020-04-20,Nova Scotia,721,9,0,44.682,-63.7443,712
2020-04-20,Ontario,12063,624,0,51.2538,-85.3232,11439
2020-04-20,Quebec,19319,939,0,52.9399,-73.5491,18380
2020-04-20,Saskatchewan,316,4,0,52.9399,-106.4509,312
2020-04-20,Yukon,11,0,0,64.2823,-135.0,11
2020-04-21,Alberta,3095,61,0,53.9333,-116.5765,3034
2020-04-21,Manitoba,255,6,0,53.7609,-98.8139,249
2020-04-21,New Brunswick,118,0,0,46.5653,-66.4619,118
2020-04-21,Nova Scotia,737,10,0,44.682,-63.7443,727
2020-04-21,Ontario,12715,694,0,51.2538,-85.3232,12021
2020-04-21,Quebec,20126,1044,0,52.9399,-73.5491,19082
2020-04-21,Saskatchewan,320,4,0,52.9399,-106.4509,316
2020-04-21,Yukon,11,0,0,64.2823,-135.0,11
2020-04-22,Alberta,3401,66,0,53.9333,-116.5765,3335
2020-04-22,Manitoba,257,6,0,53.7609,-98.8139,251
2020-04-22,New Brunswick,118,0,0,46.5653,-66.4619,118
2020-04-22,Nova Scotia,772,12,0,44.682,-63.7443,760
2020-04-22,Ontario,13718,762,0,51.2538,-85.3232,12956
2020-04-22,Quebec,20965,1134,0,52.9399,-73.5491,19831
2020-04-22,Saskatchewan,326,4,0,52.9399,-106.4509,322
2020-04-22,Yukon,11,0,0,64.2823,-135.0,11
2020-04-23,Alberta,3720,68,0,53.9333,-116.5765,3652
2020-04-23,Manitoba,262,6,0,53.7609,-98.8139,256
2020-04-23,New Brunswick,118,0,0,46.5653,-66.4619,118
2020-04-23,Nova Scotia,827,16,0,44.682,-63.7443,811
2020-04-23,Ontario,14068,806,0,51.2538,-85.3232,13262
2020-04-23,Quebec,21838,1243,0,52.9399,-73.5491,20595
2020-04-23,Saskatchewan,331,4,0,52.9399,-106.4509,327
2020-04-23,Yukon,11,0,0,64.2823,-135.0,11
2020-04-24,Alberta,4017,72,0,53.9333,-116.5765,3945
2020-04-24,Manitoba,263,6,0,53.7609,-98.8139,257
2020-04-24,New Brunswick,118,0,0,46.5653,-66.4619,118
2020-04-24,Ontario,14550,862,0,51.2538,-85.3232,13688
2020-04-24,Quebec,22616,1340,0,52.9399,-73.5491,21276
2020-04-24,Saskatchewan,341,4,0,52.9399,-106.4509,337
2020-04-24,Yukon,11,0,0,64.2823,-135.0,11
2020-04-25,Alberta,4233,73,0,53.9333,-116.5765,4160
2020-04-25,Manitoba,267,6,0,53.7609,-98.8139,261
2020-04-25,New Brunswick,118,0,0,46.5653,-66.4619,118
2020-04-25,Ontario,15012,916,0,51.2538,-85.3232,14096
2020-04-25,Quebec,23267,1446,0,52.9399,-73.5491,21821
2020-04-25,Saskatchewan,349,4,0,52.9399,-106.4509,345
2020-04-25,Yukon,11,0,0,64.2823,-135.0,11
2020-04-26,Alberta,4480,73,0,53.9333,-116.5765,4407
2020-04-26,Manitoba,271,6,0,53.7609,-98.8139,265
2020-04-26,New Brunswick,118,0,0,46.5653,-66.4619,118
2020-04-26,Ontario,15568,960,0,51.2538,-85.3232,14608
2020-04-26,Quebec,24109,1516,0,52.9399,-73.5491,22593
2020-04-26,Saskatchewan,353,4,0,52.9399,-106.4509,349
2020-04-26,Yukon,11,0,0,64.2823,-135.0,11
2020-04-27,Alberta,4696,75,0,53.9333,-116.5765,4621
2020-04-27,Manitoba,273,6,0,53.7609,-98.8139,267
2020-04-27,New Brunswick,118,0,0,46.5653,-66.4619,118
2020-04-27,Nova Scotia,900,24,0,44.682,-63.7443,876
2020-04-27,Ontario,15970,1023,0,51.2538,-85.3232,14947
2020-04-27,Quebec,24983,1600,0,52.9399,-73.5491,23383
2020-04-27,Saskatchewan,365,5,0,52.9399,-106.4509,360
2020-04-27,Yukon,11,0,0,64.2823,-135.0,11
2020-04-28,Alberta,4850,80,0,53.9333,-116.5765,4770
2020-04-28,Manitoba,273,6,0,53.7609,-98.8139,267
2020-04-28,New Brunswick,118,0,0,46.5653,-66.4619,118
2020-04-28,Nova Scotia,915,27,0,44.682,-63.7443,888
2020-04-28,Ontario,16500,1072,0,51.2538,-85.3232,15428
2020-04-28,Quebec,25761,1683,0,52.9399,-73.5491,24078
2020-04-28,Saskatchewan,366,5,0,52.9399,-106.4509,361
2020-04-28,Yukon,11,0,0,64.2823,-135.0,11
2020-04-29,Alberta,5165,87,0,53.9333,-116.5765,5078
2020-04-29,Manitoba,275,6,0,53.7609,-98.8139,269
2020-04-29,New Brunswick,118,0,0,46.5653,-66.4619,118
2020-04-29,Nova Scotia,935,28,0,44.682,-63.7443,907
2020-04-29,Ontario,16978,1153,0,51.2538,-85.3232,15825
2020-04-29,Quebec,26610,1762,0,52.9399,-73.5491,24848
2020-04-29,Saskatchewan,383,6,0,52.9399,-106.4509,377
2020-04-29,Yukon,11,0,0,64.2823,-135.0,11
2020-04-30,Alberta,5355,90,0,53.9333,-116.5765,5265
2020-04-30,Manitoba,277,6,0,53.7609,-98.8139,271
2020-04-30,New Brunswick,118,0,0,46.5653,-66.4619,118
2020-04-30,Nova Scotia,947,28,0,44.682,-63.7443,919
2020-04-30,Ontario,17395,1205,0,51.2538,-85.3232,16190
2020-04-30,Quebec,27550,1859,0,52.9399,-73.5491,25691
2020-04-30,Saskatchewan,389,7,0,52.9399,-106.4509,382
2020-04-30,Yukon,11,0,0,64.2823,-135.0,11
2020-05-01,Alberta,5573,92,0,53.9333,-116.5765,5481
2020-05-01,Manitoba,281,6,0,53.7609,-98.8139,275
2020-05-01,New Brunswick,118,0,0,46.5653,-66.4619,118
2020-05-01,Nova Scotia,959,29,0,44.682,-63.7443,930
2020-05-01,Ontario,17880,1265,0,51.2538,-85.3232,16615
2020-05-01,Quebec,28656,2022,0,52.9399,-73.5491,26634
2020-05-01,Saskatchewan,415,7,0,52.9399,-106.4509,408
2020-05-01,Yukon,11,0,0,64.2823,-135.0,11
2020-05-02,Alberta,5670,94,0,53.9333,-116.5765,5576
2020-05-02,Manitoba,282,6,0,53.7609,-98.8139,276
2020-05-02,New Brunswick,118,0,0,46.5653,-66.4619,118
2020-05-02,Nova Scotia,963,31,0,44.682,-63.7443,932
2020-05-02,Ontario,18321,1292,0,51.2538,-85.3232,17029
2020-05-02,Quebec,29664,2136,0,52.9399,-73.5491,27528
2020-05-02,Saskatchewan,421,7,0,52.9399,-106.4509,414
2020-05-02,Yukon,11,0,0,64.2823,-135.0,11
2020-05-03,Alberta,5766,95,0,53.9333,-116.5765,5671
2020-05-03,Manitoba,282,6,0,53.7609,-98.8139,276
2020-05-03,New Brunswick,118,0,0,46.5653,-66.4619,118
2020-05-03,Nova Scotia,971,37,0,44.682,-63.7443,934
2020-05-03,Ontario,18574,1326,0,51.2538,-85.3232,17248
2020-05-03,Quebec,31873,2206,0,52.9399,-73.5491,29667
2020-05-03,Saskatchewan,433,7,0,52.9399,-106.4509,426
2020-05-03,Yukon,11,0,0,64.2823,-135.0,11
2020-05-04,Alberta,5836,104,0,53.9333,-116.5765,5732
2020-05-04,Manitoba,283,6,0,53.7609,-98.8139,277
2020-05-04,New Brunswick,118,0,0,46.5653,-66.4619,118
2020-05-04,Nova Scotia,985,38,0,44.682,-63.7443,947
2020-05-04,Ontario,19097,1446,0,51.2538,-85.3232,17651
2020-05-04,Quebec,32631,2281,0,52.9399,-73.5491,30350
2020-05-04,Saskatchewan,467,7,0,52.9399,-106.4509,460
2020-05-04,Yukon,11,0,0,64.2823,-135.0,11
2020-05-05,Alberta,5893,106,0,53.9333,-116.5765,5787
2020-05-05,Manitoba,284,7,0,53.7609,-98.8139,277
2020-05-05,New Brunswick,119,0,0,46.5653,-66.4619,119
2020-05-05,Nova Scotia,991,41,0,44.682,-63.7443,950
2020-05-05,Ontario,19468,1505,0,51.2538,-85.3232,17963
2020-05-05,Quebec,33425,2399,0,52.9399,-73.5491,31026
2020-05-05,Saskatchewan,487,7,0,52.9399,-106.4509,480
2020-05-05,Yukon,11,0,0,64.2823,-135.0,11
2020-05-06,Alberta,5963,112,0,53.9333,-116.5765,5851
2020-05-06,Manitoba,286,7,0,53.7609,-98.8139,279
2020-05-06,New Brunswick,120,0,0,46.5653,-66.4619,120
2020-05-06,Nova Scotia,998,41,0,44.682,-63.7443,957
2020-05-06,Ontario,19910,1560,0,51.2538,-85.3232,18350
2020-05-06,Quebec,34334,2511,0,52.9399,-73.5491,31823
2020-05-06,Saskatchewan,512,7,0,52.9399,-106.4509,505
2020-05-06,Yukon,11,0,0,64.2823,-135.0,11
2020-05-07,Alberta,6017,114,0,53.9333,-116.5765,5903
2020-05-07,Manitoba,283,7,0,53.7609,-98.8139,276
2020-05-07,New Brunswick,120,0,0,46.5653,-66.4619,120
2020-05-07,Nova Scotia,1007,44,0,44.682,-63.7443,963
2020-05-07,Ontario,20388,1607,0,51.2538,-85.3232,18781
2020-05-07,Quebec,35249,2632,0,52.9399,-73.5491,32617
2020-05-07,Saskatchewan,531,7,0,52.9399,-106.4509,524
2020-05-07,Yukon,11,0,0,64.2823,-135.0,11
2020-05-08,Alberta,6098,115,0,53.9333,-116.5765,5983
2020-05-08,Manitoba,284,7,0,53.7609,-98.8139,277
2020-05-08,New Brunswick,120,0,0,46.5653,-66.4619,120
2020-05-08,Nova Scotia,1008,46,0,44.682,-63.7443,962
2020-05-08,Ontario,20826,1665,0,51.2538,-85.3232,19161
2020-05-08,Quebec,36161,2726,0,52.9399,-73.5491,33435
2020-05-08,Saskatchewan,544,7,0,52.9399,-106.4509,537
2020-05-08,Yukon,11,0,0,64.2823,-135.0,11
2020-05-09,Alberta,6157,116,0,53.9333,-116.5765,6041
2020-05-09,Manitoba,284,7,0,53.7609,-98.8139,277
2020-05-09,New Brunswick,120,0,0,46.5653,-66.4619,120
2020-05-09,Nova Scotia,1011,47,0,44.682,-63.7443,964
2020-05-09,Ontario,21148,1726,0,51.2538,-85.3232,19422
2020-05-09,Quebec,36997,2787,0,52.9399,-73.5491,34210
2020-05-09,Saskatchewan,553,7,0,52.9399,-106.4509,546
2020-05-09,Yukon,11,0,0,64.2823,-135.0,11
2020-05-10,Alberta,6253,117,0,53.9333,-116.5765,6136
2020-05-10,Manitoba,287,7,0,53.7609,-98.8139,280
2020-05-10,New Brunswick,120,0,0,46.5653,-66.4619,120
2020-05-10,Nova Scotia,1018,47,0,44.682,-63.7443,971
2020-05-10,Ontario,21469,1751,0,51.2538,-85.3232,19718
2020-05-10,Quebec,37732,2929,0,52.9399,-73.5491,34803
2020-05-10,Saskatchewan,564,7,0,52.9399,-106.4509,557
2020-05-10,Yukon,11,0,0,64.2823,-135.0,11
2020-05-11,Alberta,6300,117,0,53.9333,-116.5765,6183
2020-05-11,Manitoba,289,7,0,53.7609,-98.8139,282
2020-05-11,New Brunswick,120,0,0,46.5653,-66.4619,120
2020-05-11,Nova Scotia,1019,48,0,44.682,-63.7443,971
2020-05-11,Ontario,21817,1788,0,51.2538,-85.3232,20029
2020-05-11,Quebec,38480,3014,0,52.9399,-73.5491,35466
2020-05-11,Saskatchewan,568,7,0,52.9399,-106.4509,561
2020-05-11,Yukon,11,0,0,64.2823,-135.0,11
2020-05-12,Alberta,6345,118,0,53.9333,-116.5765,6227
2020-05-12,Manitoba,290,7,0,53.7609,-98.8139,283
2020-05-12,New Brunswick,120,0,0,46.5653,-66.4619,120
2020-05-12,Nova Scotia,1020,48,0,44.682,-63.7443,972
2020-05-12,Ontario,22158,1852,0,51.2538,-85.3232,20306
2020-05-12,Quebec,39235,3132,0,52.9399,-73.5491,36103
2020-05-12,Saskatchewan,573,7,0,52.9399,-106.4509,566
2020-05-12,Yukon,11,0,0,64.2823,-135.0,11
2020-05-13,Alberta,6407,120,0,53.9333,-116.5765,6287
2020-05-13,Manitoba,290,7,0,53.7609,-98.8139,283
2020-05-13,New Brunswick,120,0,0,46.5653,-66.4619,120
2020-05-13,Nova Scotia,1024,51,0,44.682,-63.7443,973
2020-05-13,Ontario,22516,1883,0,51.2538,-85.3232,20633
2020-05-13,Quebec,39940,3221,0,52.9399,-73.5491,36719
2020-05-13,Saskatchewan,577,7,0,52.9399,-106.4509,570
2020-05-13,Yukon,11,0,0,64.2823,-135.0,11
2020-05-14,Alberta,6457,121,5205,53.9333,-116.5765,1131
2020-05-14,Manitoba,289,7,252,53.7609,-98.8139,30
2020-05-14,New Brunswick,120,0,118,46.5653,-66.4619,2
2020-05-14,Nova Scotia,1026,51,909,44.682,-63.7443,66
2020-05-14,Ontario,22865,1915,16204,51.2538,-85.3232,4746
2020-05-14,Quebec,40732,3352,10829,52.9399,-73.5491,26551
2020-05-14,Saskatchewan,582,7,398,52.9399,-106.4509,177
2020-05-14,Yukon,11,0,11,64.2823,-135.0,0
2020-05-15,Alberta,6515,125,5317,53.9333,-116.5765,1073
2020-05-15,Manitoba,289,7,254,53.7609,-98.8139,28
2020-05-15,New Brunswick,120,0,119,46.5653,-66.4619,1
2020-05-15,Nova Scotia,1034,55,918,44.682,-63.7443,61
2020-05-15,Ontario,23258,1939,16641,51.2538,-85.3232,4678
2020-05-15,Quebec,41429,3402,11039,52.9399,-73.5491,26988
2020-05-15,Saskatchewan,590,7,408,52.9399,-106.4509,175
2020-05-15,Yukon,11,0,11,64.2823,-135.0,0
2020-05-16,Alberta,6587,126,5377,53.9333,-116.5765,1084
2020-05-16,Manitoba,289,7,257,53.7609,-98.8139,25
2020-05-16,New Brunswick,120,0,120,46.5653,-66.4619,0
2020-05-16,Nova Scotia,1037,55,930,44.682,-63.7443,52
2020-05-16,Ontario,23645,1976,17020,51.2538,-85.3232,4649
2020-05-16,Quebec,42192,3484,11458,52.9399,-73.5491,27250
2020-05-16,Saskatchewan,591,7,433,52.9399,-106.4509,151
2020-05-16,Yukon,11,0,11,64.2823,-135.0,0
2020-05-17,Alberta,6644,127,5453,53.9333,-116.5765,1064
2020-05-17,Manitoba,289,7,257,53.7609,-98.8139,25
2020-05-17,New Brunswick,120,0,120,46.5653,-66.4619,0
2020-05-17,Nova Scotia,1040,55,938,44.682,-63.7443,47
2020-05-17,Ontario,23974,1999,17360,51.2538,-85.3232,4615
2020-05-17,Quebec,42928,3563,11754,52.9399,-73.5491,27611
2020-05-17,Saskatchewan,592,7,444,52.9399,-106.4509,141
2020-05-17,Yukon,11,0,11,64.2823,-135.0,0
2020-05-18,Alberta,6683,128,5519,53.9333,-116.5765,1036
2020-05-18,Manitoba,290,7,257,53.7609,-98.8139,26
2020-05-18,New Brunswick,120,0,120,46.5653,-66.4619,0
2020-05-18,Nova Scotia,1043,55,946,44.682,-63.7443,42
2020-05-18,Ontario,24286,2019,17638,51.2538,-85.3232,4629
2020-05-18,Quebec,43636,3597,12045,52.9399,-73.5491,27994
2020-05-18,Saskatchewan,592,7,455,52.9399,-106.4509,130
2020-05-18,Yukon,11,0,11,64.2823,-135.0,0
2020-05-19,Alberta,6716,128,5584,53.9333,-116.5765,1004
2020-05-19,Manitoba,290,7,257,53.7609,-98.8139,26
2020-05-19,New Brunswick,120,0,120,46.5653,-66.4619,0
2020-05-19,Nova Scotia,1044,56,956,44.682,-63.7443,32
2020-05-19,Ontario,24755,2032,17898,51.2538,-85.3232,4825
2020-05-19,Quebec,44206,3648,12497,52.9399,-73.5491,28061
2020-05-19,Saskatchewan,599,7,470,52.9399,-106.4509,122
2020-05-19,Yukon,11,0,11,64.2823,-135.0,0
2020-05-20,Alberta,6735,128,5637,53.9333,-116.5765,970
2020-05-20,Manitoba,290,7,260,53.7609,-98.8139,23
2020-05-20,New Brunswick,120,0,120,46.5653,-66.4619,0
2020-05-20,Nova Scotia,1045,57,956,44.682,-63.7443,32
2020-05-20,Ontario,25197,2079,18190,51.2538,-85.3232,4928
2020-05-20,Quebec,44784,3719,12822,52.9399,-73.5491,28243
2020-05-20,Saskatchewan,620,7,494,52.9399,-106.4509,119
2020-05-20,Yukon,11,0,11,64.2823,-135.0,0
2020-05-21,Alberta,6768,132,5710,53.9333,-116.5765,926
2020-05-21,Manitoba,290,7,265,53.7609,-98.8139,18
2020-05-21,New Brunswick,121,0,120,46.5653,-66.4619,1
2020-05-21,Nova Scotia,1046,58,959,44.682,-63.7443,29
2020-05-21,Ontario,25595,2106,18509,51.2538,-85.3232,4980
2020-05-21,Quebec,45504,3801,13327,52.9399,-73.5491,28376
2020-05-21,Saskatchewan,622,7,509,52.9399,-106.4509,106
2020-05-21,Yukon,11,0,11,64.2823,-135.0,0
2020-05-22,Alberta,6800,134,5801,53.9333,-116.5765,865
2020-05-22,Manitoba,292,7,267,53.7609,-98.8139,18
2020-05-22,New Brunswick,121,0,120,46.5653,-66.4619,1
2020-05-22,Nova Scotia,1048,58,961,44.682,-63.7443,29
2020-05-22,Ontario,26085,2129,18767,51.2538,-85.3232,5189
2020-05-22,Quebec,46150,3866,13819,52.9399,-73.5491,28465
2020-05-22,Saskatchewan,627,7,521,52.9399,-106.4509,99
2020-05-22,Yukon,11,0,11,64.2823,-135.0,0
2020-05-23,Alberta,6818,135,5869,53.9333,-116.5765,814
2020-05-23,Manitoba,292,7,268,53.7609,-98.8139,17
2020-05-23,New Brunswick,121,0,120,46.5653,-66.4619,1
2020-05-23,Nova Scotia,1049,58,969,44.682,-63.7443,22
2020-05-23,Ontario,26560,2157,19146,51.2538,-85.3232,5257
2020-05-23,Quebec,46847,3941,14044,52.9399,-73.5491,28862
2020-05-23,Saskatchewan,630,7,535,52.9399,-106.4509,88
2020-05-23,Yukon,11,0,11,64.2823,-135.0,0
2020-05-24,Alberta,6860,135,5924,53.9333,-116.5765,801
2020-05-24,Manitoba,292,7,268,53.7609,-98.8139,17
2020-05-24,New Brunswick,121,0,120,46.5653,-66.4619,1
2020-05-24,Nova Scotia,1050,58,973,44.682,-63.7443,19
2020-05-24,Ontario,26897,2181,19477,51.2538,-85.3232,5239
2020-05-24,Quebec,47420,3985,14331,52.9399,-73.5491,29104
2020-05-24,Saskatchewan,632,7,538,52.9399,-106.4509,87
2020-05-24,Yukon,11,0,11,64.2823,-135.0,0
2020-05-25,Alberta,6879,138,5979,53.9333,-116.5765,762
2020-05-25,Manitoba,292,7,268,53.7609,-98.8139,17
2020-05-25,New Brunswick,121,0,120,46.5653,-66.4619,1
2020-05-25,Nova Scotia,1051,58,974,44.682,-63.7443,19
2020-05-25,Ontario,27302,2210,19698,51.2538,-85.3232,5394
2020-05-25,Quebec,47993,4070,14654,52.9399,-73.5491,29269
2020-05-25,Saskatchewan,634,7,546,52.9399,-106.4509,81
2020-05-25,Yukon,11,0,11,64.2823,-135.0,0
2020-05-26,Alberta,6901,139,6048,53.9333,-116.5765,714
2020-05-26,Manitoba,292,7,269,53.7609,-98.8139,16
2020-05-26,New Brunswick,122,0,120,46.5653,-66.4619,2
2020-05-26,Nova Scotia,1052,59,976,44.682,-63.7443,17
2020-05-26,Ontario,27624,2235,19958,51.2538,-85.3232,5431
2020-05-26,Quebec,48607,4140,14999,52.9399,-73.5491,29468
2020-05-26,Saskatchewan,634,8,549,52.9399,-106.4509,77
2020-05-26,Yukon,11,0,11,64.2823,-135.0,0
2020-05-27,Alberta,6926,141,6106,53.9333,-116.5765,679
2020-05-27,Manitoba,292,7,271,53.7609,-98.8139,14
2020-05-27,New Brunswick,123,0,120,46.5653,-66.4619,3
2020-05-27,Nova Scotia,1053,59,975,44.682,-63.7443,19
2020-05-27,Ontario,27943,2264,20443,51.2538,-85.3232,5236
2020-05-27,Quebec,49148,4229,15319,52.9399,-73.5491,29600
2020-05-27,Saskatchewan,637,10,559,52.9399,-106.4509,68
2020-05-27,Yukon,11,0,11,64.2823,-135.0,0
2020-05-28,Alberta,6955,143,6160,53.9333,-116.5765,652
2020-05-28,Manitoba,294,7,273,53.7609,-98.8139,14
2020-05-28,New Brunswick,126,0,120,46.5653,-66.4619,6
2020-05-28,Nova Scotia,1055,59,977,44.682,-63.7443,19
2020-05-28,Ontario,28320,2292,20781,51.2538,-85.3232,5247
2020-05-28,Quebec,49711,4303,15618,52.9399,-73.5491,29790
2020-05-28,Saskatchewan,639,10,568,52.9399,-106.4509,61
2020-05-28,Yukon,11,0,11,64.2823,-135.0,0
2020-05-29,Alberta,6979,143,6220,53.9333,-116.5765,616
2020-05-29,Manitoba,294,7,273,53.7609,-98.8139,14
2020-05-29,New Brunswick,128,0,120,46.5653,-66.4619,8
2020-05-29,Nova Scotia,1055,59,978,44.682,-63.7443,18
2020-05-29,Ontario,28700,2313,21348,51.2538,-85.3232,5039
2020-05-29,Quebec,50232,4363,15908,52.9399,-73.5491,29961
2020-05-29,Saskatchewan,641,10,570,52.9399,-106.4509,61
2020-05-29,Yukon,11,0,11,64.2823,-135.0,0
2020-05-30,Alberta,6992,143,6245,53.9333,-116.5765,604
2020-05-30,Manitoba,294,7,278,53.7609,-98.8139,9
2020-05-30,New Brunswick,129,0,120,46.5653,-66.4619,9
2020-05-30,Nova Scotia,1056,60,978,44.682,-63.7443,18
2020-05-30,Ontario,29023,2332,21754,51.2538,-85.3232,4937
2020-05-30,Quebec,50651,4439,16070,52.9399,-73.5491,30142
2020-05-30,Saskatchewan,645,10,580,52.9399,-106.4509,55
2020-05-30,Yukon,11,0,11,64.2823,-135.0,0
2020-05-31,Alberta,7010,143,6283,53.9333,-116.5765,584
2020-05-31,Manitoba,295,7,278,53.7609,-98.8139,10
2020-05-31,New Brunswick,132,0,120,46.5653,-66.4619,12
2020-05-31,Nova Scotia,1056,60,981,44.682,-63.7443,15
2020-05-31,Ontario,29390,2344,22131,51.2538,-85.3232,4915
2020-05-31,Quebec,51059,4641,16346,52.9399,-73.5491,30072
2020-05-31,Saskatchewan,646,11,582,52.9399,-106.4509,53
2020-05-31,Yukon,11,0,11,64.2823,-135.0,0
2020-06-01,Alberta,7044,143,6501,53.9333,-116.5765,400
2020-06-01,Manitoba,295,7,278,53.7609,-98.8139,10
2020-06-01,New Brunswick,132,0,120,46.5653,-66.4619,12
2020-06-01,Nova Scotia,1057,60,984,44.682,-63.7443,13
2020-06-01,Ontario,29845,2353,22505,51.2538,-85.3232,4987
2020-06-01,Quebec,51354,4661,16597,52.9399,-73.5491,30096
2020-06-01,Saskatchewan,646,11,588,52.9399,-106.4509,47
2020-06-01,Yukon,11,0,11,64.2823,-135.0,0
2020-06-02,Alberta,7057,143,6537,53.9333,-116.5765,377
2020-06-02,Manitoba,297,7,278,53.7609,-98.8139,12
2020-06-02,New Brunswick,133,0,120,46.5653,-66.4619,13
2020-06-02,Nova Scotia,1057,60,992,44.682,-63.7443,5
2020-06-02,Ontario,30259,2375,22852,51.2538,-85.3232,5032
2020-06-02,Quebec,51593,4713,16803,52.9399,-73.5491,30077
2020-06-02,Saskatchewan,646,11,602,52.9399,-106.4509,33
2020-06-02,Yukon,11,0,11,64.2823,-135.0,0
2020-06-03,Alberta,7076,145,6587,53.9333,-116.5765,344
2020-06-03,Manitoba,298,7,282,53.7609,-98.8139,9
2020-06-03,New Brunswick,135,0,120,46.5653,-66.4619,15
2020-06-03,Nova Scotia,1058,60,993,44.682,-63.7443,5
2020-06-03,Ontario,30603,2392,23269,51.2538,-85.3232,4942
2020-06-03,Quebec,51884,4794,17098,52.9399,-73.5491,29992
2020-06-03,Saskatchewan,647,11,602,52.9399,-106.4509,34
2020-06-03,Yukon,11,0,11,64.2823,-135.0,0
2020-06-04,Alberta,7091,146,6611,53.9333,-116.5765,334
2020-06-04,Manitoba,298,7,284,53.7609,-98.8139,7
2020-06-04,New Brunswick,136,1,120,46.5653,-66.4619,15
2020-06-04,Nova Scotia,1058,61,995,44.682,-63.7443,2
2020-06-04,Ontario,30946,2436,23653,51.2538,-85.3232,4857
2020-06-04,Quebec,52143,4885,17336,52.9399,-73.5491,29922
2020-06-04,Saskatchewan,648,11,608,52.9399,-106.4509,29
2020-06-04,Yukon,11,0,11,64.2823,-135.0,0
2020-06-05,Alberta,7098,146,6624,53.9333,-116.5765,328
2020-06-05,Manitoba,300,7,284,53.7609,-98.8139,9
2020-06-05,New Brunswick,136,1,121,46.5653,-66.4619,14
2020-06-05,Nova Scotia,1058,61,997,44.682,-63.7443,0
2020-06-05,Ontario,31359,2446,24089,51.2538,-85.3232,4824
2020-06-05,Quebec,52398,4935,17764,52.9399,-73.5491,29699
2020-06-05,Saskatchewan,649,11,611,52.9399,-106.4509,27
2020-06-05,Yukon,11,0,11,64.2823,-135.0,0
2020-06-06,Alberta,7138,146,6656,53.9333,-116.5765,336
2020-06-06,Manitoba,300,7,284,53.7609,-98.8139,9
2020-06-06,New Brunswick,136,1,121,46.5653,-66.4619,14
2020-06-06,Nova Scotia,1058,61,999,44.682,-63.7443,-2
2020-06-06,Ontario,31620,2483,24420,51.2538,-85.3232,4717
2020-06-06,Quebec,52624,4970,18412,52.9399,-73.5491,29242
2020-06-06,Saskatchewan,650,11,611,52.9399,-106.4509,28
2020-06-06,Yukon,11,0,11,64.2823,-135.0,0
2020-06-07,Alberta,7138,146,6656,53.9333,-116.5765,336
2020-06-07,Manitoba,300,7,284,53.7609,-98.8139,9
2020-06-07,New Brunswick,137,1,121,46.5653,-66.4619,15
2020-06-07,Nova Scotia,1059,61,999,44.682,-63.7443,-1
2020-06-07,Ontario,32096,2502,24694,51.2538,-85.3232,4900
2020-06-07,Quebec,52849,4978,18714,52.9399,-73.5491,29157
2020-06-07,Saskatchewan,650,11,623,52.9399,-106.4509,16
2020-06-07,Yukon,11,0,11,64.2823,-135.0,0
2020-06-08,Alberta,7202,149,6698,53.9333,-116.5765,355
2020-06-08,Manitoba,300,7,284,53.7609,-98.8139,9
2020-06-08,New Brunswick,146,1,121,46.5653,-66.4619,24
2020-06-08,Nova Scotia,1059,61,999,44.682,-63.7443,-1
2020-06-08,Ontario,32395,2524,25002,51.2538,-85.3232,4869
2020-06-08,Quebec,53047,4984,18994,52.9399,-73.5491,29069
2020-06-08,Saskatchewan,654,13,624,52.9399,-106.4509,17
2020-06-08,Yukon,11,0,11,64.2823,-135.0,0
2020-06-09,Alberta,7229,151,6722,53.9333,-116.5765,356
2020-06-09,Manitoba,300,7,285,53.7609,-98.8139,8
2020-06-09,New Brunswick,147,1,121,46.5653,-66.4619,25
2020-06-09,Nova Scotia,1060,62,998,44.682,-63.7443,0
2020-06-09,Ontario,32678,2536,25375,51.2538,-85.3232,4767
2020-06-09,Quebec,53185,5029,19361,52.9399,-73.5491,28795
2020-06-09,Saskatchewan,656,13,624,52.9399,-106.4509,19
2020-06-09,Yukon,11,0,11,64.2823,-135.0,0
2020-06-10,Alberta,7276,151,6754,53.9333,-116.5765,371
2020-06-10,Manitoba,300,7,285,53.7609,-98.8139,8
2020-06-10,New Brunswick,151,1,121,46.5653,-66.4619,29
2020-06-10,Nova Scotia,1061,62,994,44.682,-63.7443,5
2020-06-10,Ontario,32936,2552,25956,51.2538,-85.3232,4428
2020-06-10,Quebec,53341,5081,19841,52.9399,-73.5491,28419
2020-06-10,Saskatchewan,658,13,624,52.9399,-106.4509,21
2020-06-10,Yukon,11,0,11,64.2823,-135.0,0
2020-06-11,Alberta,7316,149,6788,53.9333,-116.5765,379
2020-06-11,Manitoba,300,7,286,53.7609,-98.8139,7
2020-06-11,New Brunswick,153,1,123,46.5653,-66.4619,29
2020-06-11,Nova Scotia,1061,62,995,44.682,-63.7443,4
2020-06-11,Ontario,33173,2563,26358,51.2538,-85.3232,4252
2020-06-11,Quebec,53485,5105,20299,52.9399,-73.5491,28081
2020-06-11,Saskatchewan,660,13,626,52.9399,-106.4509,21
2020-06-11,Yukon,11,0,11,64.2823,-135.0,0
2020-06-12,Alberta,7346,149,6811,53.9333,-116.5765,386
2020-06-12,Manitoba,301,7,289,53.7609,-98.8139,5
2020-06-12,New Brunswick,154,1,125,46.5653,-66.4619,28
2020-06-12,Nova Scotia,1061,62,995,44.682,-63.7443,4
2020-06-12,Ontario,33378,2573,26698,51.2538,-85.3232,4107
2020-06-12,Quebec,53666,5148,20823,52.9399,-73.5491,27695
2020-06-12,Saskatchewan,663,13,627,52.9399,-106.4509,23
2020-06-12,Yukon,11,0,11,64.2823,-135.0,0
2020-06-13,Alberta,7383,150,6830,53.9333,-116.5765,403
2020-06-13,Manitoba,303,7,289,53.7609,-98.8139,7
2020-06-13,New Brunswick,157,2,126,46.5653,-66.4619,29
2020-06-13,Nova Scotia,1061,62,996,44.682,-63.7443,3
2020-06-13,Ontario,33625,2582,27036,51.2538,-85.3232,4007
2020-06-13,Quebec,53824,5195,21281,52.9399,-73.5491,27348
2020-06-13,Saskatchewan,664,13,627,52.9399,-106.4509,24
2020-06-13,Yukon,11,0,11,64.2823,-135.0,0
2020-06-14,Alberta,7433,150,6861,53.9333,-116.5765,422
2020-06-14,Manitoba,304,7,289,53.7609,-98.8139,8
2020-06-14,New Brunswick,157,2,129,46.5653,-66.4619,26
2020-06-14,Nova Scotia,1061,62,996,44.682,-63.7443,3
2020-06-14,Ontario,33806,2590,27357,51.2538,-85.3232,3859
2020-06-14,Quebec,53952,5222,21742,52.9399,-73.5491,26988
2020-06-14,Saskatchewan,665,13,628,52.9399,-106.4509,24
2020-06-14,Yukon,11,0,11,64.2823,-135.0,0
2020-06-15,Alberta,7453,151,6862,53.9333,-116.5765,440
2020-06-15,Manitoba,304,7,292,53.7609,-98.8139,5
2020-06-15,New Brunswick,160,2,129,46.5653,-66.4619,29
2020-06-15,Nova Scotia,1061,62,996,44.682,-63.7443,3
2020-06-15,Ontario,33986,2579,27637,51.2538,-85.3232,3770
2020-06-15,Quebec,54054,5242,22213,52.9399,-73.5491,26599
2020-06-15,Saskatchewan,683,13,629,52.9399,-106.4509,41
2020-06-15,Yukon,11,0,11,64.2823,-135.0,0
2020-06-16,Alberta,7482,151,6882,53.9333,-116.5765,449
2020-06-16,Manitoba,304,7,292,53.7609,-98.8139,5
2020-06-16,New Brunswick,163,2,131,46.5653,-66.4619,30
2020-06-16,Nova Scotia,1061,62,997,44.682,-63.7443,2
2020-06-16,Ontario,34174,2595,27887,51.2538,-85.3232,3692
2020-06-16,Quebec,54146,5269,22350,52.9399,-73.5491,26527
2020-06-16,Saskatchewan,684,13,631,52.9399,-106.4509,40
2020-06-16,Yukon,11,0,11,64.2823,-135.0,0
2020-06-17,Alberta,7530,151,6893,53.9333,-116.5765,486
2020-06-17,Manitoba,306,7,293,53.7609,-98.8139,6
2020-06-17,New Brunswick,164,2,133,46.5653,-66.4619,29
2020-06-17,Nova Scotia,1061,62,997,44.682,-63.7443,2
2020-06-17,Ontario,34382,2607,29047,51.2538,-85.3232,2728
2020-06-17,Quebec,54263,5298,22549,52.9399,-73.5491,26416
2020-06-17,Saskatchewan,693,13,633,52.9399,-106.4509,47
2020-06-17,Yukon,11,0,11,64.2823,-135.0,0
